price,product
"26,120",[씨투엠에듀]씨투엠에듀 도형학습의 기준 플라토 유치~초등 단계별 선택구매(전4권)
원,[꿈꾸는달팽이]꿈꾸는달팽이_미니깜찍팝업북/한글영어사운드북 세트 / 낱권 골라담기
"150,150",[본죽]본죽 냉장 메추리알 장조림 1kg 2팩
원,[버거킹](버거킹) 더블비프불고기버거+치즈버거+콜라R+콜라R
"18,400",[르헤브]패밀리구성 2+1 피톤치드 항균 베개솜 지퍼형 베개솜 경추베개 베개커버
원,[아이르]아이르 FW신상 극세사 양털 나노화이바 알러지케어 겨울이불 사계절 침구 차렵이불 단품/세트
"7,400",[빌라드하우스]쿠폰가 25560원 크리스마스 소품 레트로 TV 오르골 LED 오토 워터볼
원,[보아르](11/20일 딱 3시간만) 보아르 접이식 휴대용 분유포트 전기포트 캠핑용 보온 커피 이지전기포트 M1 VO-KI014
"11,500",매쓰러닝 영재사고력수학 필즈 단계별 세트 선택구매
원,플레이송스 사운드북 골라담기
"28,600",[카카오프렌즈]FW빅세일 쿠폰적용 7000원부터 르까프티셔츠 외 /아리스토우바람막이+베스트세트/패딩/모크넥티셔츠/바지 외
원,[프로텍트어베드](쿠폰17%+사은증정) SS/Q 균일특가 미국 1위 방수 침대 매트리스 커버 진드기(빈대) 차단 토퍼 베개 커버
"26,900",두툼한 기모 남녀공용 맨투맨 1+1 장 당 1만원 색상선택 가능 / 그레이/ 챠콜/ 블랙
원,[보국](11/20일 한정수량) 보국 에어셀 워셔블 카본 전기요 비오는 거리 싱글 BKB-3A03S
"39,900",((10%쿠폰/24시간 특가))  HOT보온 / 1+1 여성 기모 안감 밴딩 팬츠 / 장당 6700원 FZ676
원,(20%) 1+1 쿠폰가16560원 장당8280원 따뜻한 기모안감 남녀공용 골덴 밴딩팬츠 3color
"28,000",[슬립리치]슬립리치 꾸르잠 사계절 고정밴드 누빔 침대패드
원,[롯데칠성]펩시콜라 제로 210ml x 30캔
"13,800",(한국삐아제) 키즈LP 토토 (본품+원목 케이스+LP사운드카드 150장) (색상선택)
원,[라뽐므]최종5.4만원~)무료반품 라뽐므 100%구스다운 호텔 코튼 구스이불(사계절용/한겨울용/강추위용) SS/Q/K
"12,400",[퓨리나]퓨리나 키튼차우 고양이사료 6.3kg 1개 (유통기한 12월 1일까지)
원,[모나코올리브]프리미엄 스테인레스 양배추칼+채칼 (총2개구성)
"12,400",[버거킹](버거킹) 와퍼+통새우와퍼주니어+콜라R+콜라R
원,[코코도르]쿠폰가 14730원 화이트라벨 디퓨저 200ml X 4개 + 팜파스 스틱 4P
"22,100",(할인특가) 인북-올챙이 자연동화 (전20권) : 레인보우펜 옵션선택
원,키 출판사 초등 중등 수학 시리즈
"40,900",궁채마늘장아찌  2kg(1kg+1kg)
원,폴리스쿨정식교재/국제학교기관/높은 성취도에 부합하는 미국교과서 원더스워크샵/ WONDERS WORKSHOP
"14,900",[비아에듀]비아에듀_박학다식 문해력/만화수학교과서/수학의미래/개념연결 세트 선택구매
원,[쁘리엘르]누빔 3중 방한커튼 방풍 거실커튼 바람막이 겨울용 암막커튼
"20,700",[스토피아]스텐 우드 핸들 후라이팬 멀티 덮개 32cm
원,[네파]네파 방한 귀마개 방한용품 네이비 블랙 그레이 1+1
"13,900",[서울우유]멸균우유 200ml 24입+24입 (2박스)
원,[홈에디션명진]천연 고무장갑 5개 위생백 롤백 지퍼백 +사은품
"15,400",시금치 남해 보물섬 시금치 햇 노지 보물초 1kg 11/20일 단 하루 2개 구매시 홍감자 200g 증정
원,[탑텐]여성) 에코 쉘파 크루넥 가디건_MS
"56,840",[햇반]햇반 210g x24입
원,[조은해남]조은해남 절임배추 20kg 해남 절임배추 / 쿠폰가 25290원
"65,900",[태화]태화 고무장갑 X 10켤레
원,[구글플레이]기프트코드 10만원 / 구글 기프트카드
"17,900",[온카페트]온카페트 카페트 러그 소형 대형 특대형 모음 고급발매트 증정
원,[하프클럽/나이키]나이키 클럽 스우시 라운드넥 맨투맨 2종 택1
"5,900",[버거킹](버거킹) 롱치킨버거+21치즈스틱+콜라R
원,[구글플레이]기프트코드 5만원 / 구글 기프트카드
"9,900",2+2 슬림핏 기모 니삭스 편안한 양말 겨울 방한 니싹스
원,윈터 마스크캡 1+1 겨울 남녀공용 귀달이 방한모자 군밤모자
"15,500",[여원미디어](여원미디어) 탄탄 곰돌아 안녕 전 31종 원서베어시리즈의 한글판 아이들이 좋아하는 곰돌이시리즈
원,[고등어밥상]가시제거연구소 오렌지라벨 800g+800g 본사 고등어밥상 순살고등어 가시없는고등어 노르웨이고등어
"149,000",[메가박스](유니버스클럽 전용 쿠폰적용가 5천원) 메가박스 일반예매권 2D-주중/주말
원,(창비교육)문해력 교과서/초등 사회/초등 과학 진짜 문해력 시리즈 (3권이상무배)
"10,000",[맛젤]꿀고구마 햇고구마 특상size (개별 100~300g) 5kg 실속형 해남 황토 맛젤 2023년
원,[모나리자]모나리자 미용티슈 300매 6입 2개 총12개 각티슈
"11,900",[햇반]CJ 햇반 210g 36개 1박스
원,[BYC](10%쿠폰가 9810원) 기모스판 남성 여성 내의 상하세트 (남녀 택1)
"181,800",[브프캣]브프캣 20kg 길고양이 길냥이 대용량 사료
원,애끌리아 고밀도 워셔블 구스베딩 차렵이불 3color
"35,000",[에잇세컨즈]10%쿠폰 에잇세컨즈 겨울맞이 시즌오프 BEST 할인전 니트/가디건/패딩外
원,단단한 햇 양파 5kg  특대(요리용) 150g 이상 / 2개사면 1kg증정
"21,900",[허만두]HACCP인증 허만두 1.4kg+1.4kg 골라담기 / 대용량 약120알 / 고기잎새 김치잎새 중화군만두
원,[구글플레이]기프트코드 3만원 / 구글 기프트카드
"9,500",[크린랲]온라인 전용 크린백 25cm x 35cm(중) 400매 1+1
원,[씨투엠에듀]씨투엠에듀 플라토 평면도형/입체도형 교구 선택구매
"10,900",[풍년]PN풍년 브리에 세라믹 스피드쿡IH 와이드웍 만능 라면냄비
원,10%쿠폰 (융털기모) 1+1 카고 트레이닝바지 건빵 츄리닝 팬츠 A-7004
"27,800",[코맨]1+1 코맨 빈츠 IH 프라이팬 궁중팬 양수웍 2P
원,뽀글 양털 쇼파패드 미끄럼방지 겨울 소파 깔개 덮개
"7,500",[마이핫]마이핫보온대160g(50개입) 사은품 2023년최신 군용핫팩 당일출고
원,[캔마트]오늘이 마지막 전상품 무료배송 캔마트 2타입 기모 팬츠
"10,000",[오뚜기]오뚜기 맛있는 밥 30입(210gx10)x 3개 / 오뚜기 흰밥
원,[신세계푸드]크로아상 크로플 생지 2250g (40~50개입)+정사각몰드 증정 (신세계푸드 중복쿠폰 할인)
"15,900",50여종남여양말20컬레 기모니삭스 무지 장목 기모  양말 남자 여자 수면 스포츠 겨울
원,[농심]안성탕면 125g 5입X8개(총40개)
"26,550",[3SKBOX]깔끔한 톰슨가공 최다보유/포장이 빨라지는 택배박스 3sk
원,미미의밥상 감자탕 3kg/국내산 등뼈 100% 실온보관 가능
"38,900",(쿠폰가 9200원) 카카오 2024 춘식이 탁상 달력 1+1
원,숟가락이 들어간 양념통 4개
"13,100",[구글플레이]기프트코드 20만원 / 구글 기프트카드
원,[텀스]1+1 대용량 뉴메가 텀블러 900ml 3종세트 외 브랜드전 보온병 보냉병
"97,000",국내당일배송 HULMAY 휴대용 무선구강세정기 치아교정 치간청소물치실 잇몸관리 노즐 6개
원,[개기월식]개기월식 말랑 큐브져키 소고기 1.1kg 강아지 대용량 노즈워크 수제간식 껌
"21,900",[스파클]스파클생수 2리터 36병 도착보장/무라벨생수
원,(할인특가) 육아서 골라담기 9종 (출판사연합)
"27,960",[아침농산]2023년 햅쌀 농부의아침 쌀10kg 백미 상등급
원,[비비고]비비고 왕교자1.05kg 3개
"5,500",[탑텐]공용) 벨로아 라운지웨어 (SET-UP)_MSC4UI3002
원,[제주삼다수]제주삼다수 무라벨 2L 24병 /생수전문배송
"48,500",[박스포유]100%직접생산/ 박스포유 택배박스
원,[테리파머]쿠폰가28410원 대나무 뱀부얀 호텔수건 180g 수건 10장 수건세트 타올 타월 호텔타올 호텔타월 세면수건
"8,800",[박홍근홈패션](롯데백화점)(오늘하루만) 신상 겨울 극세사 침구세트 BEST 8 단독 세일
원,15% 카이아크만 - F/W 특가 세일 코트/자켓/점퍼/티셔츠/경량/데님/팬츠
"9,900",{지마켓특전} 제로베이스원 (ZEROBASEONE) - 2024 SEASON’S GREETINGS ‘Good Night’
원,[대한민국농수산]포항 구룡포 완전손질 과메기 야채완벽구성 과메기 20쪽
"69,300",[촌아저씨]Good 당도 12brix 부사사과 실속 2.5kg(13-15개)/중소과(12brix이상)
원,[로얄베일]프라카 원형3절/사각4절 나눔접시 외 홈파티 테이블
"29,900",[오뚜기]오뚜기 맛있는 밥 210g 12입 X2박스 / 총24개 / 오뚜기 흰밥
원,타미힐피거 라운드넥 레터링 기모 맨투맨 택1
"15,000",국내산 쫀득 구운계란 30알 x 2판
원,다진마늘 2kg (1kg+1kg) 국내산
"9,000",[아이르]아이르 단독 신상출시 5mm 밍크 극세사 겨울 무릎담요 케이프담요 캠핑 (소형/대형/특대형/케이프)
원,[농심]올리브 짜파게티 5입X8개(40개)
"15,900",경남 단감 가정용 랜덤 10kg 선별 발송 대한민국 젤쌉니다.
원,[모도리]깔끔 도마세트 (도마4P+거치대/6colors) (+싱크대 물막이 랜덤 1종 증정)
"20,900",엘렌느 광폭밴드 웜 소프트 기모 코듀로이 팬츠 2종
원,[앤디애플](앤디애플) 겨울 기모 상품 모여라~ 할인특가 뽀글이/아우터/기모/상하복/맨투맨/팬츠/레깅스 외
"38,250",무료배송 페이퍼맥스 고양이 종이컵 2000개/1박스
원,국내산재료 100% 아삭 포기 김치 5kg
"10,900",[삠뽀요]삠뽀요 겨울신상특가 3장이상구매 1천원할인/기모/상하복/원피스/뽀글이/패딩/티셔츠/맨투맨/팬츠
원,[로즈맘]((10%쿠폰/단하루 9900원)) 로즈맘 빅사이즈 겨울심플무지기모밴딩바지 /중년BEST
"30,870",[농심]농심 신라면컵 30개
원,국민패드 모음전 이코노미 프리미엄 실속형 절약형 대형 특대형 15g 480매 외 6종 전상품 균일가
"34,900",[푸름이닷컴]푸름이 까꿍 그림책 세트 (전40권) (세이펜미포함)
원,[Olola]OLOLA 오로라 기저귀 4팩 모음전
"20,900",1팩 추가오롯담나주곰탕700g13팩
원,국내산 간고등어 7손(14마리) 제주 연안산
"10,500",[리브맘]눕자마자 꿀잠~ 메모리폼 경추베개 라텍스 숙면베개
원,산단도마을 예쁘고 맛있는 고구마 10kg(밤고구마/꿀고구마/특상중혼합)
"13,500",[TS티마]KF94 마스크 100매 TS 레모나 위가드 스카이슘 새부리형 중형 대형 마스크 모음전
원,해피데이 군용핫팩 대용량 150g X 50개
"29,100",마운틴/핸드타올 5000매 100%무형광 100%천연펄프
원,[더블에이]더블에이 A4 복사용지 80g 2500매 5팩 8948
"13,500",[토니모리]토니모리 블랙프라이데이 UPTO 82%
원,마이드림 쁘띠라인-양털롱
"23,100",[피카주니어]피카주니어_습관시리즈/피카그림책 세트/낱권 선택구매
원,(봄이아트북스) 대발이 안전동화 전30권(세이펜호환/별매)
"22,500",[커피빈](커피빈) 모바일교환권 1만원권
원,[삼립]삼립 로만밀 통밀 식빵 420g 4봉(주문제작)
"22,900",[맥심]맥심 모카골드 커피믹스 180T: 당일발송~
원,[프롬산타](62종)자체제작 국내생산 양말세트 남자 여자 무지 수면 흰 검정 쿠션 정장 장목 스포츠 겨울
"28,800",새코롬 감귤 블랙라벨 타이벡감귤 4.5kg 로열과 12Brix
원,[비비고]비비고 사골곰탕 500g 18개
"17,900",[스파클]스파클생수 500ml 100병 (도착보장/무라벨생수)
원,[핫앤핫]프리미엄 핫팩(RED) 50매 FDA인증 ISO환경인증 캠핑 손난로 군인 군용 23년 9월~늘 최신품으로만 출고
"35,000",[모나코올리브]초정밀 인생 족집게 4종세트
원,토마토 완숙토마토 랜덤 혼합  5kg 산지직송 선별발송
"15,800",[탑텐]공용) 카카오 플란넬 라운지웨어 (SET-UP)_MSC4UI3011
원,[델포유][델포유] 오븐에 구운 십센치 파운드 20개+초코파운드(신제품)2개
"28,710",[농심]백산수 무라벨 2L 24병 /생수전문배송
원,와이즈만북스 이게 바로 물리야 세트 (전10권)
"21,400",[에어보나]에어보나 3.5리터 무드등 초음파 가습기 저소음 간편세척 간편 물보충
원,[맥심]모카골드 커피믹스 180T+180T: 커피는 맥심~
"9,900",이지스에듀 바빠 초등 영어 시리즈 선택구매
원,[해화당]특사이즈 총 24인분 해화당 이영자의 뼈없는 갈비탕 900g x 8팩 총 7.2kg
"33,900",[뉴트리나]프라임캣에코 20kg 대용량 고양이사료
원,겨울 기모/남자청바지/남성/빅사이즈/밴딩/9부/블랙진/간절기
"29,610",[헤이미니]겨울 신상 OPEN 15%+10%+카드할인 찬스 뽀글이/아우터/기모/상하복/원피스/레깅스/팬츠 외
원,[오늘]오늘 무형광 3겹 30M 30롤 3개 화장지 휴지 롤휴지
"16,500",(쿠폰가9000원)(5종세트)여성 순면 하단 미니꽃 리본 레이스 면스판 삼각 팬티 PN0239 10%쿠폰
원,애터미 프로바이오틱스 10플러스 친생유산균
"10,500",[스위트하트]무소음 인테리어 벽시계 모음  국내생산 거실 사무실 학교
원,[매일유업]매일두유99.9 950ml 12팩 이중포장 빠르고 안전한 배송
"6,900",[소르잠]소르잠 극세사패드 겨울 침대패드 고정밴딩 23년 신제품
원,1+1 노란통연고 상처 흉터 연고 흔적지우개 (2EA) 대용량 드디어 재입고~
"194,000",[모닌]모닌 자몽시럽 1000ml 2개세트
원,덴프스 덴마크 유산균 이야기 170g x 60캡슐 JJ몰
"19,800",[일비아]일비아 초고농축 중성 세탁 캡슐세제 버블코튼향 30개입+30개입(총60개입) 포토리뷰작성스벅커피쿠폰 증정
원,바스키아 23FW 프리마로프트 코트 여성
"29,510",덕신 영덕 반건조 피데기오징어 1.9kg (20미 / 미당 80g~105g)
원,[네파]네파 GNT-401 경량안전화 작업화 건설화 KC인증
"9,900",오래푸드 수제 양념 돼지갈비 맛 쑥잎왕구이 600g 4팩 총 2.4kg
원,[베네베딩](17%쿠폰) 더쉼 침대 매트리스 방수커버 패드 (진드기/빈대 차단)
"19,900",[티르리르]최대 90% 티르리르 겨울맞이 쥬얼리 컬렉션 제안
원,[구글플레이]기프트코드 1만원 / 구글 기프트카드
"13,130",[롯데칠성]레쓰비 마일드 캔커피 160ml x 60캔 /커피음료/업소용음료/업소용커피
원,우리스카이종이컵 2000개 / 6.5oz자판기용 /국내산
"27,900",[강원평창수]강원평창수 2L 24병 /생수전문배송
원,[제주삼다수]제주삼다수 무라벨 2L 12병 /생수전문배송
"27,450",[저스트원](무료반품+쿠폰가20.380원)포근해 고탄력기모 배기진(숏롱 2type)
원,20%쿠폰가 7920원 따뜻하고 포근한 기모바지/패딩/후리스/기모티 (XS33LP075M)A1
"16,960",윤남텍 간편세척 초음파 다목적 가습기/YN-101/G마켓
원,[그레이멜린](추가25%쿠폰) 역대급1+1SALE/ 환절기 보습각질케어/ 자연유래 클렌징+기초 11월BIGSALE
"25,920",[동원에프앤비]리챔 오리지널 200g 10캔
원,[여원미디어]여원미디어_자연짝꿍 자연관찰 보드북 세트 선택구매_레인온펜선택구매
"35,600",엑소 큐트베어 A4 복사용지(A4용지) 75g 2BOX(5000매)
원,[프롬산타](10종)자체제작 국내생산 양말세트 남자 여자 무지 수면 중목 쿠션 정장 장목 스포츠 겨울
"29,900",[코리아보드게임즈]인기게임212종모음 루미큐브 할리갈리 러시아워 카탄
원,[유니시티]유니시티 바이오스라이프 이에너지 9g 30포
"77,220",[코디]블루 3겹 데코 27m 30롤 3팩
원,통영 장보고닷컴 굴 생굴 2kg / 싱싱 지퍼백 포장 통통 중대굴
"41,100",[맥심]맥심 모카골드 마일드 커피믹스 170개입
원,겨울 양털 따뜻한 마약 매트리스 꿀잠 토퍼 매트 그레이(당일출발 해외직구 동일품목)
"43,000",[툴앤툴]툴앤툴 충전식 무선 전동드릴 TNT-HEX12LI
원,[라뽐므]라뽐므 폭닥폭닥 부드러운 사계절 토퍼/패드  모음전
"34,900",바네사리찌 23FW 제시카 소프트 기모 블라우스 4종
원,[빌라드하우스]크리스마스 장식 소품 선물 LED 오토 워터볼 오르골
"20,900",의료폐기물 박스 투명 아크릴 덮개 뚜껑
원,B34. Reading for Vocabulary (plus) A~D / American Textbook Reading ( Sc. SO. ) 1~4  Rull set 총 16권
"10,000",[푸드어홀릭](100매+무배)1일1팩 푸드어홀릭 네이처스킨 마스크팩
원,따끈 물 주머니 2L 보온 찜질팩 핫팩 온열 온수
"23,310",[한수위파주쌀]2023년산파주 참드림쌀 10kg
원,(쿠폰가9900원) 꿀잠 겨울 수면잠옷세트 균일가 무료배송 10%쿠폰 (오늘만 이가격)
"32,900",[농심]육개장사발면 24개입
원,[맛군]고창 김민상님의 황토밭 햇 꿀밤고구마 5kg 특상
"16,900",[미쟝센]미쟝센 샤이닝에센스 염색약 3개 컬러선택 (흑갈색/짙은갈색/갈색/자연갈색/밝은갈색/오렌지갈색 )
원,[파우파우]맛있는 간식 300g X6개 강아지 실중량150g 파우파우
"14,500",[믈레코비타]믈레코비타 수입멸균우유 1000ml 아이러브밀크 12개입
원,[매일유업][유통기한임박]상하목장얼려먹는아이스크림 초코 85ML 24팩
"7,800",[맥심]맥심 슈프림 골드 커피믹스 100T +춘식이 브런치 식기 세트
원,[버블트리]15%+10% 주니어 여아 가을 초겨울 스쿨룩 인기 상하세트 맨투맨 팬츠 원피스 아우터
"39,900",[비비고](현대Hmall)[CJ] 비비고 사골곰탕500gX 18개(1박스)
원,(제이비스타일) 15%+10% 겨울신상출시 남아여아 주니어 힙스타일
